{
  "version": 1,
  "watson_language_translator_apikey": {
    "searchPatterns": [
      "user-provided::apikey",
      "cloudfoundry:$['languageTranslator'][0].credentials.apikey",
      "env:service_watson_language_translator:$.apikey",
      "env:watson_language_translator_apikey",
      "file:/server/localdev-config.json:$.watson_language_translator_apikey"
    ]
  },
  "watson_language_translator": {
    "credentials": {
      "searchPatterns": [
        "user-provided::url",
        "cloudfoundry:watson_language_translator",
        "env:watson_language_translator_credentials",
        "file:/server/localdev-config.json:watson_language_translator_credentials"
      ]
    }
  },
  "watson_language_translator_iam_apikey_description": {
    "searchPatterns": [
      "user-provided::iam_apikey_description",
      "cloudfoundry:$['languageTranslator'][0].credentials.iam_apikey_description",
      "env:service_watson_language_translator:$.iam_apikey_description",
      "env:watson_language_translator_iam_apikey_description",
      "file:/server/localdev-config.json:$.watson_language_translator_iam_apikey_description"
    ]
  },
  "watson_language_translator_iam_apikey_name": {
    "searchPatterns": [
      "user-provided::iam_apikey_name",
      "cloudfoundry:$['languageTranslator'][0].credentials.iam_apikey_name",
      "env:service_watson_language_translator:$.iam_apikey_name",
      "env:watson_language_translator_iam_apikey_name",
      "file:/server/localdev-config.json:$.watson_language_translator_iam_apikey_name"
    ]
  },
  "watson_language_translator_iam_role_crn": {
    "searchPatterns": [
      "user-provided::iam_role_crn",
      "cloudfoundry:$['languageTranslator'][0].credentials.iam_role_crn",
      "env:service_watson_language_translator:$.iam_role_crn",
      "env:watson_language_translator_iam_role_crn",
      "file:/server/localdev-config.json:$.watson_language_translator_iam_role_crn"
    ]
  },
  "watson_language_translator_iam_serviceid_crn": {
    "searchPatterns": [
      "user-provided::iam_serviceid_crn",
      "cloudfoundry:$['languageTranslator'][0].credentials.iam_serviceid_crn",
      "env:service_watson_language_translator:$.iam_serviceid_crn",
      "env:watson_language_translator_iam_serviceid_crn",
      "file:/server/localdev-config.json:$.watson_language_translator_iam_serviceid_crn"
    ]
  },
  "watson_language_translator_url": {
    "searchPatterns": [
      "user-provided::url",
      "cloudfoundry:$['languageTranslator'][0].credentials.url",
      "env:service_watson_language_translator:$.url",
      "env:watson_language_translator_url",
      "file:/server/localdev-config.json:$.watson_language_translator_url"
    ]
  },
  "cloudant_apikey": {
    "searchPatterns": [
      "user-provided::apikey",
      "cloudfoundry:$['cloudantNoSQLDB'][0].credentials.apikey",
      "env:service_cloudant:$.apikey",
      "env:cloudant_apikey",
      "file:/server/localdev-config.json:$.cloudant_apikey"
    ]
  },
  "cloudant": {
    "credentials": {
      "searchPatterns": [
        "user-provided::username",
        "cloudfoundry:cloudant",
        "env:cloudant_credentials",
        "file:/server/localdev-config.json:cloudant_credentials"
      ]
    }
  },
  "cloudant_host": {
    "searchPatterns": [
      "user-provided::host",
      "cloudfoundry:$['cloudantNoSQLDB'][0].credentials.host",
      "env:service_cloudant:$.host",
      "env:cloudant_host",
      "file:/server/localdev-config.json:$.cloudant_host"
    ]
  },
  "cloudant_iam_apikey_description": {
    "searchPatterns": [
      "user-provided::iam_apikey_description",
      "cloudfoundry:$['cloudantNoSQLDB'][0].credentials.iam_apikey_description",
      "env:service_cloudant:$.iam_apikey_description",
      "env:cloudant_iam_apikey_description",
      "file:/server/localdev-config.json:$.cloudant_iam_apikey_description"
    ]
  },
  "cloudant_iam_apikey_name": {
    "searchPatterns": [
      "user-provided::iam_apikey_name",
      "cloudfoundry:$['cloudantNoSQLDB'][0].credentials.iam_apikey_name",
      "env:service_cloudant:$.iam_apikey_name",
      "env:cloudant_iam_apikey_name",
      "file:/server/localdev-config.json:$.cloudant_iam_apikey_name"
    ]
  },
  "cloudant_iam_role_crn": {
    "searchPatterns": [
      "user-provided::iam_role_crn",
      "cloudfoundry:$['cloudantNoSQLDB'][0].credentials.iam_role_crn",
      "env:service_cloudant:$.iam_role_crn",
      "env:cloudant_iam_role_crn",
      "file:/server/localdev-config.json:$.cloudant_iam_role_crn"
    ]
  },
  "cloudant_iam_serviceid_crn": {
    "searchPatterns": [
      "user-provided::iam_serviceid_crn",
      "cloudfoundry:$['cloudantNoSQLDB'][0].credentials.iam_serviceid_crn",
      "env:service_cloudant:$.iam_serviceid_crn",
      "env:cloudant_iam_serviceid_crn",
      "file:/server/localdev-config.json:$.cloudant_iam_serviceid_crn"
    ]
  },
  "cloudant_password": {
    "searchPatterns": [
      "user-provided::password",
      "cloudfoundry:$['cloudantNoSQLDB'][0].credentials.password",
      "env:service_cloudant:$.password",
      "env:cloudant_password",
      "file:/server/localdev-config.json:$.cloudant_password"
    ]
  },
  "cloudant_port": {
    "searchPatterns": [
      "user-provided::port",
      "cloudfoundry:$['cloudantNoSQLDB'][0].credentials.port",
      "env:service_cloudant:$.port",
      "env:cloudant_port",
      "file:/server/localdev-config.json:$.cloudant_port"
    ]
  },
  "cloudant_url": {
    "searchPatterns": [
      "user-provided::url",
      "cloudfoundry:$['cloudantNoSQLDB'][0].credentials.url",
      "env:service_cloudant:$.url",
      "env:cloudant_url",
      "file:/server/localdev-config.json:$.cloudant_url"
    ]
  },
  "cloudant_username": {
    "searchPatterns": [
      "user-provided::username",
      "cloudfoundry:$['cloudantNoSQLDB'][0].credentials.username",
      "env:service_cloudant:$.username",
      "env:cloudant_username",
      "file:/server/localdev-config.json:$.cloudant_username"
    ]
  },
  "watson_conversation_apikey": {
    "searchPatterns": [
      "user-provided::apikey",
      "cloudfoundry:$['conversation'][0].credentials.apikey",
      "env:service_watson_conversation:$.apikey",
      "env:watson_conversation_apikey",
      "file:/server/localdev-config.json:$.watson_conversation_apikey"
    ]
  },
  "watson_conversation": {
    "credentials": {
      "searchPatterns": [
        "user-provided::url",
        "cloudfoundry:watson_conversation",
        "env:watson_conversation_credentials",
        "file:/server/localdev-config.json:watson_conversation_credentials"
      ]
    }
  },
  "watson_conversation_iam_apikey_description": {
    "searchPatterns": [
      "user-provided::iam_apikey_description",
      "cloudfoundry:$['conversation'][0].credentials.iam_apikey_description",
      "env:service_watson_conversation:$.iam_apikey_description",
      "env:watson_conversation_iam_apikey_description",
      "file:/server/localdev-config.json:$.watson_conversation_iam_apikey_description"
    ]
  },
  "watson_conversation_iam_apikey_name": {
    "searchPatterns": [
      "user-provided::iam_apikey_name",
      "cloudfoundry:$['conversation'][0].credentials.iam_apikey_name",
      "env:service_watson_conversation:$.iam_apikey_name",
      "env:watson_conversation_iam_apikey_name",
      "file:/server/localdev-config.json:$.watson_conversation_iam_apikey_name"
    ]
  },
  "watson_conversation_iam_role_crn": {
    "searchPatterns": [
      "user-provided::iam_role_crn",
      "cloudfoundry:$['conversation'][0].credentials.iam_role_crn",
      "env:service_watson_conversation:$.iam_role_crn",
      "env:watson_conversation_iam_role_crn",
      "file:/server/localdev-config.json:$.watson_conversation_iam_role_crn"
    ]
  },
  "watson_conversation_iam_serviceid_crn": {
    "searchPatterns": [
      "user-provided::iam_serviceid_crn",
      "cloudfoundry:$['conversation'][0].credentials.iam_serviceid_crn",
      "env:service_watson_conversation:$.iam_serviceid_crn",
      "env:watson_conversation_iam_serviceid_crn",
      "file:/server/localdev-config.json:$.watson_conversation_iam_serviceid_crn"
    ]
  },
  "watson_conversation_url": {
    "searchPatterns": [
      "user-provided::url",
      "cloudfoundry:$['conversation'][0].credentials.url",
      "env:service_watson_conversation:$.url",
      "env:watson_conversation_url",
      "file:/server/localdev-config.json:$.watson_conversation_url"
    ]
  }
}
