{
  "watson_language_translator_apikey": "tdsN8T3lvTHkZcDPS5aKrEg7J7SP6e_fc9y3dPYOjsIr",
  "watson_language_translator_iam_apikey_description": "Auto-generated for key a5559203-de84-4b25-8a02-77313fa67de2",
  "watson_language_translator_iam_apikey_name": "68889389-5bf4-4109-b3ef-63a47a867cc7",
  "watson_language_translator_iam_role_crn": "crn:v1:bluemix:public:iam::::serviceRole:Writer",
  "watson_language_translator_iam_serviceid_crn": "crn:v1:bluemix:public:iam-identity::a/aa4543b462304f07bd03672862063f71::serviceid:ServiceId-64877611-fb0d-450d-b698-b3f93a04956e",
  "watson_language_translator_url": "https://api.eu-gb.language-translator.watson.cloud.ibm.com/instances/c963e18c-c2f3-41ba-8407-4aa4a3372525",
  "cloudant_apikey": "Vb1CCaDvAvUgZqfY3YpvxRlH83UdxidYFgXJ82vWYWSA",
  "cloudant_host": "e42d67d0-895d-46e2-95c0-7b7e55ca4fc4-bluemix.cloudantnosqldb.appdomain.cloud",
  "cloudant_iam_apikey_description": "Auto-generated for key a304e152-fc68-4dbe-8994-7df652a705d3",
  "cloudant_iam_apikey_name": "68889389-5bf4-4109-b3ef-63a47a867cc7",
  "cloudant_iam_role_crn": "crn:v1:bluemix:public:iam::::serviceRole:Writer",
  "cloudant_iam_serviceid_crn": "crn:v1:bluemix:public:iam-identity::a/aa4543b462304f07bd03672862063f71::serviceid:ServiceId-1659f8f1-1337-4597-b940-6199bd68d26f",
  "cloudant_password": "fd779f1bb43601ebd9ce51e0c638d84286e29855ad55f48c4f4617cc13a09cb8",
  "cloudant_port": 443,
  "cloudant_url": "https://e42d67d0-895d-46e2-95c0-7b7e55ca4fc4-bluemix:fd779f1bb43601ebd9ce51e0c638d84286e29855ad55f48c4f4617cc13a09cb8@e42d67d0-895d-46e2-95c0-7b7e55ca4fc4-bluemix.cloudantnosqldb.appdomain.cloud",
  "cloudant_username": "e42d67d0-895d-46e2-95c0-7b7e55ca4fc4-bluemix",
  "watson_conversation_apikey": "qeYTsIntERYIci5LNCbK94JjJECaLAFLb0aaelEaOcYn",
  "watson_conversation_iam_apikey_description": "Auto-generated for key 00eab766-1cac-48a4-8e57-22cf802e6ba8",
  "watson_conversation_iam_apikey_name": "68889389-5bf4-4109-b3ef-63a47a867cc7",
  "watson_conversation_iam_role_crn": "crn:v1:bluemix:public:iam::::serviceRole:Writer",
  "watson_conversation_iam_serviceid_crn": "crn:v1:bluemix:public:iam-identity::a/aa4543b462304f07bd03672862063f71::serviceid:ServiceId-3aa57d79-73d5-4c65-bae5-ed6c0600c386",
  "watson_conversation_url": "https://api.eu-gb.assistant.watson.cloud.ibm.com/instances/5e296184-d89d-4790-9389-5324de8847b6"
}
